CustomerID,Age,Family size,Restaurant Rating,Delivery Rating,No. of orders placed,Delivery Time,Order Value,Ease and convenient_encoded,Self Cooking_encoded,Health Concern_encoded,Late Delivery_encoded,Poor Hygiene_encoded,Bad past experience_encoded,More Offers and Discount_encoded,Maximum wait time_encoded,Influence of rating_encoded,Gender_Male,Marital Status_Prefer not to say,Marital Status_Single,Occupation_House wife,Occupation_Self Employeed,Occupation_Student,Educational Qualifications_Ph.D,Educational Qualifications_Post Graduate,Educational Qualifications_School,Educational Qualifications_Uneducated,Frequently used Medium_Food delivery apps,Frequently used Medium_Walk-in,Frequently used Medium_Web browser,Frequently ordered Meal category_Dinner,Frequently ordered Meal category_Lunch,Frequently ordered Meal category_Snacks,Perference_Non Veg foods (Lunch / Dinner),Perference_Sweets,Perference_Veg foods (Breakfast / Lunch / Dinner)
CUS000001,20,4,1,1,150,45.0,1,3,3,3,3,3,3,3,1.0,3,0,0,1,0,0,1,0,1,0,0,1,0,0,0,0,0,1,0,0
CUS000002,24,3,1,1,32,61.0,3,5,5,5,4,5,5,5,1.0,3,0,0,1,0,0,1,0,0,0,0,1,0,0,0,0,1,1,0,0
CUS000003,22,3,3,5,193,19.0,1,5,2,3,3,4,4,3,2.0,3,1,0,1,0,0,1,0,1,0,0,1,0,0,0,1,0,1,0,0
CUS000004,22,6,2,4,60,44.0,1,4,4,5,3,4,2,5,1.0,3,0,0,1,0,0,1,0,0,0,0,1,0,0,0,0,1,0,0,1
CUS000005,22,4,3,1,234,24.0,3,4,4,5,5,4,5,4,1.0,3,1,0,1,0,0,1,0,1,0,0,0,1,0,0,1,0,1,0,0
CUS000006,27,2,2,4,55,39.0,3,4,2,3,4,4,4,4,2.0,3,0,0,0,0,0,0,0,1,0,0,1,0,0,0,1,0,1,0,0
CUS000007,22,3,5,2,77,18.0,1,5,2,4,2,4,2,4,2.0,3,1,0,1,0,0,1,0,0,0,0,1,0,0,0,1,0,1,0,0
CUS000008,24,3,5,1,172,56.0,1,5,4,4,4,3,3,4,2.0,2,0,0,1,0,0,1,0,1,0,0,1,0,0,1,0,0,1,0,0
CUS000009,23,2,3,3,224,20.0,1,4,4,4,3,4,3,4,1.0,2,0,0,1,0,0,1,0,1,0,0,1,0,0,1,0,0,1,0,0
CUS000010,23,4,1,5,165,17.0,1,3,4,4,3,3,3,3,2.0,3,0,0,1,0,0,1,0,1,0,0,1,0,0,0,1,0,1,0,0
CUS000011,22,5,4,4,225,52.0,3,4,4,5,4,5,4,4,2.0,3,0,0,1,0,0,1,0,1,0,0,1,0,0,0,0,1,1,0,0
CUS000012,23,2,3,2,27,42.0,3,5,4,5,2,4,5,4,2.0,3,1,0,1,0,0,1,0,1,0,0,1,0,0,0,1,0,1,0,0
CUS000013,23,5,3,2,103,46.0,1,4,3,4,3,4,2,4,1.0,2,1,0,1,0,0,1,0,1,0,0,0,1,0,0,0,1,1,0,0
CUS000014,21,4,3,2,233,44.0,1,4,2,5,3,3,3,5,1.0,3,1,0,1,0,0,1,0,0,0,0,0,1,0,1,0,0,1,0,0
CUS000015,23,5,1,4,54,27.0,3,4,4,5,2,5,5,3,2.0,3,0,0,1,0,1,0,0,1,0,0,1,0,0,0,0,1,1,0,0
CUS000016,24,6,5,3,210,51.0,3,5,5,5,2,2,2,3,1.0,3,0,0,1,0,0,1,0,1,0,0,1,0,0,0,1,0,1,0,0
CUS000017,28,2,3,1,30,40.0,3,3,2,3,2,3,3,3,3.0,1,0,0,1,0,0,0,0,1,0,0,0,1,0,1,0,0,0,0,1
CUS000018,23,3,2,5,163,17.0,3,4,3,3,3,5,3,2,2.0,3,0,0,1,0,0,1,0,0,0,0,1,0,0,0,1,0,1,0,0
CUS000019,25,4,3,4,167,24.0,1,5,3,4,1,5,3,5,2.0,3,1,0,1,0,0,1,0,0,0,0,1,0,0,0,1,0,1,0,0
CUS000020,21,1,5,5,75,43.0,2,4,3,1,3,1,1,1,2.0,3,0,0,1,0,0,1,0,1,0,0,1,0,0,1,0,0,0,0,1
CUS000021,24,3,2,5,49,72.0,2,4,2,2,3,3,2,4,4.0,3,1,0,1,0,0,1,0,1,0,0,1,0,0,1,0,0,1,0,0
CUS000022,22,4,3,1,81,30.0,1,5,4,3,2,4,5,4,2.0,3,1,0,1,0,0,1,0,1,0,0,1,0,0,0,0,1,1,0,0
CUS000023,22,4,4,4,26,20.0,1,4,2,5,1,4,5,4,2.0,3,0,0,1,0,0,1,0,0,0,0,1,0,0,1,0,0,1,0,0
CUS000024,23,4,4,3,71,13.0,1,4,3,4,4,4,4,2,1.0,3,1,0,1,0,0,1,0,0,0,0,1,0,0,0,1,0,0,0,1
CUS000025,21,3,1,3,115,40.0,1,5,5,5,4,5,2,5,2.0,2,1,0,1,0,0,1,0,1,0,0,0,1,0,0,0,0,1,0,0
CUS000026,25,3,4,3,68,32.0,2,4,3,4,4,3,3,2,1.0,3,1,0,1,0,0,1,0,1,0,0,0,1,0,1,0,0,0,0,1
CUS000027,22,5,3,4,143,20.0,3,4,2,4,2,4,3,4,2.0,3,0,0,1,0,0,1,0,1,0,0,1,0,0,0,1,0,1,0,0
CUS000028,22,3,1,2,151,45.0,2,4,2,5,3,4,3,2,2.0,3,1,0,1,0,0,1,0,1,0,0,1,0,0,0,0,1,1,0,0
CUS000029,23,3,3,2,135,63.0,3,3,3,3,2,2,2,3,1.0,2,0,0,1,0,0,0,0,0,0,0,0,1,0,0,0,1,0,0,0
CUS000030,22,4,3,1,43,22.0,3,1,3,3,3,4,3,2,,1,1,0,1,0,0,1,0,1,0,0,0,1,0,0,0,1,0,0,1
CUS000031,22,5,2,4,190,31.0,1,4,4,3,2,4,3,4,2.0,3,0,0,1,0,0,0,0,0,0,0,1,0,0,0,1,0,1,0,0
CUS000032,22,4,3,3,146,29.0,2,4,3,4,4,3,3,4,1.0,3,1,0,1,0,0,1,0,1,0,0,1,0,0,0,1,0,1,0,0
CUS000033,25,4,3,2,252,31.0,1,4,4,4,4,2,3,4,1.0,3,1,0,0,0,0,0,1,0,0,0,1,0,0,0,1,0,1,0,0
CUS000034,22,5,2,2,137,24.0,1,4,4,5,4,4,3,5,,3,0,0,1,0,0,1,0,1,0,0,0,1,0,1,0,0,0,0,1
CUS000035,22,2,1,1,201,19.0,1,5,2,4,5,2,5,2,,3,0,0,1,0,0,1,0,1,0,0,1,0,0,0,1,0,0,0,1
CUS000036,25,3,3,5,42,52.0,2,4,1,2,1,1,1,3,2.0,3,1,0,1,0,0,1,0,1,0,0,1,0,0,0,1,0,1,0,0
CUS000037,25,5,5,1,221,23.0,1,5,4,5,5,2,3,5,2.0,2,1,0,1,0,0,1,0,1,0,0,1,0,0,0,1,0,0,0,1
CUS000038,32,5,2,1,149,55.0,1,4,4,2,4,3,4,2,3.0,3,0,1,0,1,0,0,0,0,0,0,1,0,0,0,0,0,1,0,0
CUS000039,23,3,1,3,94,18.0,3,4,4,5,4,3,4,4,2.0,3,0,0,1,0,0,1,0,1,0,0,1,0,0,0,0,1,1,0,0
CUS000040,23,4,5,2,89,22.0,3,4,4,3,3,3,3,4,2.0,3,0,0,1,0,0,1,0,1,0,0,0,1,0,0,0,0,1,0,0
CUS000041,30,4,4,4,114,48.0,3,4,4,5,4,5,5,3,4.0,3,1,0,0,0,1,0,0,0,0,1,1,0,0,0,1,0,0,0,1
CUS000042,23,3,2,5,158,60.0,1,4,4,4,4,3,3,4,1.0,3,1,0,1,0,0,1,0,0,0,0,1,0,0,1,0,0,1,0,0
CUS000043,23,4,1,4,102,27.0,3,4,5,5,2,4,2,4,1.0,3,1,0,1,0,0,1,0,1,0,0,1,0,0,0,1,0,0,0,1
CUS000044,22,5,4,4,195,35.0,1,4,5,5,3,4,3,2,1.0,3,0,0,1,0,0,1,0,1,0,0,0,1,0,0,0,1,1,0,0
CUS000045,22,5,4,1,49,62.0,1,4,2,2,4,4,4,4,1.0,3,1,0,1,0,0,1,0,0,0,0,1,0,0,0,1,0,1,0,0
CUS000046,27,2,5,4,184,53.0,3,5,5,5,5,5,4,4,1.0,1,0,0,0,0,1,0,0,1,0,0,1,0,0,0,0,0,1,0,0
CUS000047,24,3,2,3,147,13.0,2,5,3,5,3,5,4,4,2.0,3,0,0,1,0,0,1,0,1,0,0,1,0,0,1,0,0,1,0,0
CUS000048,23,2,5,4,233,14.0,2,3,3,2,2,4,3,3,1.0,3,1,0,1,0,0,1,0,1,0,0,1,0,0,1,0,0,1,0,0
CUS000049,23,5,3,5,43,22.0,2,5,4,3,4,4,3,4,2.0,3,0,0,1,0,0,1,0,0,0,0,1,0,0,0,1,0,0,0,1
CUS000050,23,2,2,5,255,16.0,2,3,3,3,3,3,3,3,2.0,2,0,0,1,0,0,1,0,1,0,0,1,0,0,0,1,0,1,0,0
CUS000051,24,3,4,2,77,30.0,2,4,2,4,4,5,4,4,1.0,3,1,0,1,0,0,1,0,1,0,0,1,0,0,0,0,1,1,0,0
CUS000052,25,2,5,3,30,35.0,3,4,1,1,1,1,1,4,1.0,3,1,0,1,0,0,1,0,1,0,0,0,1,0,0,1,0,1,0,0
CUS000053,22,3,1,2,182,38.0,1,4,3,3,2,3,2,4,2.0,3,1,0,1,0,0,1,0,1,0,0,1,0,0,0,1,0,1,0,0
CUS000054,28,2,1,2,118,26.0,2,5,5,3,2,5,4,5,1.0,3,0,0,0,0,0,1,0,0,0,0,1,0,0,0,1,0,0,0,1
CUS000055,22,1,2,3,79,73.0,3,4,5,4,3,4,3,4,3.0,3,0,0,1,0,0,1,0,1,0,0,1,0,0,0,1,0,1,0,0
CUS000056,24,3,3,1,173,47.0,1,5,4,4,5,4,5,4,3.0,3,0,0,1,0,0,1,0,0,0,0,1,0,0,0,1,0,1,0,0
CUS000057,31,5,5,1,82,20.0,2,5,5,4,3,3,2,2,2.0,2,1,0,0,0,0,0,1,0,0,0,0,1,0,1,0,0,1,0,0
CUS000058,25,4,2,3,76,35.0,1,5,2,3,5,3,2,5,1.0,3,1,0,1,0,0,1,0,1,0,0,1,0,0,0,0,1,0,0,1
CUS000059,23,5,3,4,107,41.0,1,5,3,3,3,5,5,5,3.0,2,1,0,1,0,0,1,0,1,0,0,1,0,0,0,1,0,1,0,0
CUS000060,22,3,5,5,207,55.0,3,4,4,3,4,4,3,4,1.0,1,1,0,1,0,0,1,0,1,0,0,1,0,0,0,1,0,1,0,0
CUS000061,23,1,1,2,213,39.0,3,3,1,1,3,3,3,1,3.0,3,1,0,1,0,0,1,0,1,0,0,1,0,0,0,1,0,1,0,0
CUS000062,23,4,5,4,164,17.0,2,5,5,5,5,5,5,1,1.0,3,1,0,1,0,0,1,0,0,0,0,1,0,0,0,1,0,1,0,0
CUS000063,23,2,4,1,247,21.0,3,5,5,5,4,5,3,5,2.0,3,0,0,1,0,0,1,0,1,0,0,1,0,0,0,1,0,1,0,0
CUS000064,25,6,3,1,187,63.0,2,4,4,4,5,4,3,3,3.0,3,1,0,1,0,0,1,0,1,0,0,1,0,0,1,0,0,1,0,0
CUS000065,24,4,3,1,198,22.0,1,3,2,3,2,2,1,2,1.0,3,1,0,1,0,0,0,0,0,0,0,1,0,0,0,1,0,1,0,0
CUS000066,23,4,1,4,112,42.0,3,5,3,2,3,5,4,3,2.0,3,0,0,1,0,0,1,0,1,0,0,1,0,0,1,0,0,1,0,0
CUS000067,24,4,3,4,236,47.0,2,5,4,5,4,5,4,5,1.0,3,0,0,0,0,0,0,1,0,0,0,1,0,0,1,0,0,0,0,1
CUS000068,22,4,1,4,114,45.0,2,2,2,3,4,3,4,2,1.0,3,1,0,1,0,0,1,0,0,0,0,1,0,0,0,1,0,1,0,0
CUS000069,24,3,3,3,158,35.0,3,4,5,4,3,3,2,5,2.0,3,0,0,1,0,0,1,0,1,0,0,1,0,0,1,0,0,1,0,0
CUS000070,25,3,3,5,143,36.0,2,4,4,4,3,3,2,3,2.0,1,0,0,1,0,0,1,0,1,0,0,1,0,0,1,0,0,1,0,0
CUS000071,23,2,4,3,256,50.0,1,4,2,3,4,5,4,5,1.0,1,1,0,1,0,0,1,0,1,0,0,1,0,0,0,0,0,0,0,1
CUS000072,26,4,5,1,199,16.0,3,5,1,3,4,3,1,5,1.0,1,1,0,1,0,0,1,0,1,0,0,0,1,0,1,0,0,0,0,1
CUS000073,24,3,1,4,219,45.0,2,4,4,5,3,4,2,3,2.0,3,0,0,1,0,0,1,0,1,0,0,0,1,0,1,0,0,1,0,0
CUS000074,26,4,2,3,43,29.0,3,4,4,5,4,4,4,4,2.0,3,1,0,1,0,0,1,0,1,0,0,1,0,0,0,1,0,1,0,0
CUS000075,22,3,2,4,52,57.0,2,5,3,3,1,3,3,5,1.0,3,0,0,1,0,0,1,0,1,0,0,1,0,0,0,1,0,1,0,0
CUS000076,24,5,3,3,226,68.0,2,4,3,3,3,4,4,4,4.0,2,1,0,1,0,0,1,0,1,0,0,1,0,0,0,0,1,0,0,1
CUS000077,24,4,3,3,168,24.0,3,5,4,4,3,4,4,4,2.0,3,1,0,1,0,0,1,0,1,0,0,1,0,0,0,1,0,1,0,0
CUS000078,23,3,3,3,244,42.0,3,3,2,4,3,3,2,2,2.0,3,0,0,1,0,0,1,0,1,0,0,1,0,0,1,0,0,1,0,0
CUS000079,23,3,5,1,208,27.0,3,3,1,1,2,1,2,3,2.0,2,1,0,1,0,0,1,0,1,0,0,1,0,0,0,1,0,0,0,1
CUS000080,22,3,1,2,200,42.0,1,5,3,3,3,3,4,5,3.0,3,1,0,1,0,0,1,0,1,0,0,1,0,0,0,0,0,1,0,0
CUS000081,23,3,5,5,172,26.0,1,5,3,2,4,4,4,5,1.0,3,1,0,1,0,0,1,0,1,0,0,1,0,0,1,0,0,0,0,1
CUS000082,24,4,2,2,90,40.0,2,5,3,2,3,2,3,4,2.0,2,0,0,1,0,0,1,0,1,0,0,1,0,0,0,1,0,1,0,0
CUS000083,25,1,1,2,231,19.0,3,4,5,5,1,1,2,5,2.0,3,1,0,1,0,0,1,0,0,0,0,1,0,0,1,0,0,1,0,0
CUS000084,28,2,3,4,224,50.0,1,2,1,2,3,1,2,2,3.0,1,1,0,0,0,1,0,0,0,0,0,1,0,0,0,0,0,1,0,0
CUS000085,27,5,3,1,103,30.0,1,4,4,4,4,5,2,1,2.0,1,0,1,0,0,0,0,0,1,0,0,1,0,0,0,1,0,1,0,0
CUS000086,26,1,2,2,137,62.0,2,4,4,3,4,4,4,3,4.0,3,1,0,1,0,1,0,1,0,0,0,1,0,0,0,1,0,1,0,0
CUS000087,22,2,2,4,86,24.0,1,4,5,5,5,4,3,3,,3,1,0,1,0,0,1,0,1,0,0,1,0,0,1,0,0,1,0,0
CUS000088,24,3,1,5,221,22.0,3,5,5,5,4,3,5,5,1.0,3,0,0,1,0,0,1,0,1,0,0,1,0,0,0,0,0,1,0,0
CUS000089,23,1,3,2,142,62.0,3,3,3,5,5,4,5,2,1.0,3,1,0,1,0,0,1,0,1,0,0,0,1,0,0,1,0,1,0,0
CUS000090,26,5,5,4,149,61.0,2,4,4,3,3,3,2,3,3.0,1,1,0,0,0,0,0,0,0,0,0,1,0,0,0,1,0,1,0,0
CUS000091,32,3,4,4,129,13.0,1,1,5,5,5,1,5,2,1.0,3,0,0,0,1,0,0,0,0,0,1,1,0,0,1,0,0,0,0,1
CUS000092,23,2,2,2,80,49.0,3,5,3,4,4,4,3,4,2.0,3,1,0,1,0,0,1,0,1,0,0,1,0,0,0,0,0,0,0,1
CUS000093,22,3,2,4,109,15.0,1,5,3,5,4,2,2,5,2.0,3,0,0,1,0,0,0,0,0,0,0,1,0,0,0,1,0,1,0,0
CUS000094,24,3,4,1,64,55.0,2,4,1,4,5,4,4,3,1.0,3,0,0,1,0,0,1,1,0,0,0,1,0,0,0,1,0,1,0,0
CUS000095,26,2,3,2,133,12.0,3,4,1,3,4,3,2,4,,1,1,0,1,0,0,0,0,0,0,0,1,0,0,0,1,0,1,0,0
CUS000096,28,3,3,4,151,23.0,1,3,2,4,4,3,4,3,2.0,3,1,0,0,0,0,0,0,0,0,0,1,0,0,0,1,0,0,0,1
CUS000097,26,2,1,4,224,49.0,2,4,2,5,4,4,4,2,2.0,3,1,0,1,0,0,0,0,1,0,0,1,0,0,1,0,0,1,0,0
CUS000098,25,1,3,4,228,54.0,3,5,3,5,4,5,5,5,1.0,3,1,0,1,0,0,1,0,1,0,0,1,0,0,1,0,0,1,0,0
CUS000099,25,2,2,1,86,43.0,2,4,4,3,4,4,3,4,1.0,1,1,0,1,0,0,0,0,0,0,0,1,0,0,0,1,0,1,0,0
CUS000100,18,5,1,4,33,19.0,1,4,4,3,4,2,2,4,2.0,3,1,0,1,0,0,1,0,0,0,0,1,0,0,0,0,1,1,0,0
CUS000101,21,4,5,1,101,59.0,1,1,3,4,3,3,3,2,1.0,3,1,0,1,0,0,1,0,1,0,0,1,0,0,0,1,0,1,0,0
CUS000102,25,2,2,2,48,13.0,1,5,3,4,4,2,3,3,2.0,3,1,0,1,0,0,1,0,1,0,0,0,1,0,1,0,0,1,0,0
CUS000103,23,2,3,3,210,59.0,1,4,4,3,2,3,2,4,1.0,3,1,0,1,0,0,0,0,1,0,0,1,0,0,0,1,0,0,0,1
CUS000104,25,4,2,2,188,29.0,1,2,4,4,5,5,3,2,,3,0,0,0,0,0,0,0,0,0,0,1,0,0,1,0,0,1,0,0
CUS000105,31,5,1,3,24,33.0,1,4,4,4,2,2,2,4,2.0,3,0,0,0,1,0,0,0,0,1,0,1,0,0,0,0,0,1,0,0
CUS000106,24,2,2,1,127,24.0,1,2,4,4,5,5,5,2,,3,1,1,0,0,1,0,1,0,0,0,1,0,0,0,1,0,1,0,0
CUS000107,32,5,4,2,216,66.0,2,5,4,2,3,3,2,4,3.0,3,0,0,0,0,0,0,0,0,0,0,1,0,0,0,0,0,1,0,0
CUS000108,25,3,2,1,210,32.0,2,4,2,2,4,2,3,3,2.0,3,1,0,1,0,0,0,0,0,0,0,1,0,0,0,0,0,1,0,0
CUS000109,27,5,3,5,109,31.0,3,2,4,5,4,5,3,2,1.0,3,0,0,0,0,1,0,0,0,0,0,1,0,0,0,1,0,1,0,0
CUS000110,26,3,5,2,247,49.0,2,4,2,2,4,1,1,5,4.0,1,1,0,1,0,1,0,0,0,0,0,1,0,0,0,1,0,1,0,0
CUS000111,26,3,5,3,138,53.0,3,4,2,2,2,2,2,4,1.0,3,0,0,1,0,1,0,0,1,0,0,1,0,0,0,1,0,1,0,0
CUS000112,32,5,2,5,219,29.0,3,4,4,5,4,5,2,5,2.0,3,1,0,0,0,0,0,1,0,0,0,1,0,0,0,1,0,1,0,0
CUS000113,24,6,2,5,60,45.0,2,2,4,5,5,5,4,1,1.0,3,1,0,0,0,1,0,1,0,0,0,1,0,0,1,0,0,0,0,1
CUS000114,27,3,3,2,116,22.0,2,4,2,2,4,2,2,4,1.0,3,0,0,0,0,1,0,0,0,0,0,1,0,0,0,0,0,1,0,0
CUS000115,23,3,3,3,203,52.0,3,4,4,4,4,3,3,3,1.0,1,1,0,1,0,0,1,0,1,0,0,1,0,0,1,0,0,1,0,0
CUS000116,25,4,4,2,165,46.0,1,5,2,2,4,2,2,5,1.0,3,1,0,1,0,0,1,0,1,0,0,1,0,0,0,1,0,1,0,0
CUS000117,28,3,3,2,212,59.0,1,4,1,2,4,2,1,5,3.0,1,1,0,0,0,0,0,0,1,0,0,1,0,0,0,0,1,1,0,0
CUS000118,32,1,4,1,125,34.0,2,4,2,2,4,4,5,5,1.0,3,0,0,0,0,0,0,0,0,0,0,1,0,0,0,0,0,1,0,0
CUS000119,23,2,3,2,101,53.0,1,4,4,5,4,4,2,5,1.0,3,1,0,1,0,0,1,0,1,0,0,1,0,0,0,0,0,1,0,0
CUS000120,19,2,3,4,202,23.0,2,4,2,1,4,2,4,2,,1,1,0,1,0,0,1,0,0,0,0,1,0,0,0,0,1,1,0,0
CUS000121,19,4,5,4,166,28.0,2,5,3,4,4,3,4,5,2.0,3,0,0,1,0,0,1,0,0,0,0,1,0,0,1,0,0,1,0,0
CUS000122,27,2,5,3,212,58.0,1,4,3,5,4,3,4,3,1.0,3,0,0,0,0,0,0,0,1,0,0,1,0,0,0,1,0,0,0,1
CUS000123,25,3,1,3,235,46.0,3,4,2,1,2,1,2,4,1.0,3,1,0,1,0,1,0,0,0,0,0,1,0,0,1,0,0,1,0,0
CUS000124,33,5,5,2,126,47.0,3,4,4,5,5,5,5,2,1.0,3,1,0,0,0,0,0,1,0,0,0,1,0,0,0,0,1,1,0,0
CUS000125,26,3,3,2,28,18.0,3,4,2,2,4,2,3,5,2.0,1,0,0,1,0,0,0,0,0,0,0,1,0,0,0,0,0,1,0,0
CUS000126,22,4,5,2,58,40.0,2,5,4,3,4,4,4,4,2.0,3,0,0,1,0,0,1,0,1,0,0,1,0,0,0,1,0,1,0,0
CUS000127,23,3,3,4,159,32.0,3,4,4,5,4,4,4,4,1.0,3,1,0,1,0,0,1,0,1,0,0,1,0,0,0,1,0,0,0,1
CUS000128,22,3,5,5,216,39.0,1,5,5,4,2,3,2,5,2.0,3,0,0,1,0,0,1,0,0,0,0,1,0,0,0,0,1,0,0,1
CUS000129,25,2,3,1,184,51.0,2,2,4,5,4,5,4,3,2.0,2,1,0,0,0,0,0,0,0,0,0,1,0,0,0,0,0,1,0,0
CUS000130,30,5,4,1,151,55.0,2,4,4,2,2,2,2,5,1.0,1,0,0,0,1,0,0,0,0,1,0,1,0,0,0,0,1,1,0,0
CUS000131,24,3,5,1,194,11.0,3,2,4,5,5,5,5,2,,3,1,0,1,0,0,1,0,1,0,0,1,0,0,0,0,1,1,0,0
CUS000132,25,3,3,3,150,52.0,3,4,2,2,4,2,2,5,2.0,1,1,0,1,0,0,0,0,1,0,0,1,0,0,0,0,0,1,0,0
CUS000133,23,3,3,4,122,31.0,3,5,4,3,2,3,3,5,2.0,3,1,0,1,0,0,1,0,1,0,0,1,0,0,0,0,1,1,0,0
CUS000134,24,4,2,4,110,58.0,1,4,3,5,3,5,4,3,1.0,1,0,0,1,0,0,1,0,1,0,0,1,0,0,0,1,0,0,0,1
CUS000135,32,4,2,4,175,39.0,3,4,4,4,4,3,3,4,1.0,3,1,0,0,0,0,0,0,0,0,0,1,0,0,0,0,1,1,0,0
CUS000136,22,4,2,2,242,54.0,3,3,2,3,4,2,3,4,1.0,3,1,0,1,0,0,1,0,1,0,0,1,0,0,1,0,0,1,0,0
CUS000137,20,2,1,4,48,30.0,3,4,3,2,4,2,2,5,1.0,3,1,0,1,0,0,1,0,0,0,0,1,0,0,0,0,0,1,0,0
CUS000138,21,2,3,1,128,42.0,3,4,2,1,2,1,2,5,1.0,3,1,0,1,0,0,1,0,0,0,0,1,0,0,0,0,0,1,0,0
CUS000139,24,5,3,1,172,18.0,1,4,4,4,5,4,5,2,2.0,3,0,0,0,0,1,0,0,0,0,0,1,0,0,0,1,0,1,0,0
CUS000140,25,3,1,5,235,22.0,2,4,2,2,4,2,2,5,1.0,3,1,0,1,0,0,0,0,1,0,0,1,0,0,0,0,1,1,0,0
CUS000141,32,3,4,4,237,64.0,2,4,4,4,2,4,2,4,3.0,3,0,0,0,1,0,0,0,0,0,0,0,0,0,0,0,1,1,0,0
CUS000142,27,5,3,4,169,12.0,3,4,4,4,5,5,4,3,,3,1,0,0,0,0,0,1,0,0,0,1,0,0,1,0,0,1,0,0
CUS000143,20,2,3,1,48,40.0,2,5,2,4,2,2,2,5,2.0,3,0,0,1,0,0,1,0,0,0,0,1,0,0,1,0,0,1,0,0
CUS000144,21,2,1,1,98,26.0,2,4,2,1,3,1,1,5,2.0,3,1,0,1,0,0,1,0,0,0,0,1,0,0,0,0,0,1,0,0
CUS000145,26,3,4,3,201,25.0,3,2,4,5,5,5,5,2,,3,1,0,1,0,0,0,0,1,0,0,1,0,0,1,0,0,1,0,0
CUS000146,25,4,4,4,56,53.0,2,5,4,3,5,2,3,5,2.0,3,1,0,1,0,0,0,0,0,0,0,1,0,0,0,1,0,1,0,0
CUS000147,26,3,2,1,250,50.0,3,4,2,1,3,2,1,5,4.0,1,1,0,1,0,0,0,0,1,0,0,1,0,0,1,0,0,1,0,0
CUS000148,26,3,2,5,61,15.0,1,4,4,4,2,2,2,4,1.0,3,0,0,0,0,0,0,0,0,0,0,1,0,0,0,0,0,1,0,0
CUS000149,27,4,1,4,140,17.0,3,4,3,4,2,4,3,4,,2,1,0,1,0,0,0,1,0,0,0,1,0,0,0,1,0,1,0,0
CUS000150,27,5,5,5,78,23.0,1,2,4,3,4,4,4,1,,3,0,0,1,0,0,1,1,0,0,0,1,0,0,0,0,0,1,0,0
CUS000151,24,5,2,2,248,26.0,1,4,4,4,2,5,5,2,2.0,3,0,0,1,0,0,1,0,1,0,0,1,0,0,0,0,0,0,0,1
CUS000152,25,2,2,5,197,36.0,1,4,2,2,3,2,2,5,2.0,3,1,0,0,0,1,0,0,0,1,0,1,0,0,0,0,1,1,0,0
CUS000153,20,2,4,2,33,10.0,1,2,4,4,4,3,4,2,,3,1,0,1,0,0,1,0,0,0,0,1,0,0,0,0,1,1,0,0
CUS000154,22,1,4,4,104,72.0,1,4,2,2,1,2,2,4,4.0,2,1,0,1,0,0,1,0,1,0,0,1,0,0,1,0,0,1,0,0
CUS000155,26,3,5,2,137,63.0,1,4,2,2,3,2,2,3,1.0,3,0,0,0,0,0,1,1,0,0,0,1,0,0,0,0,1,1,0,0
CUS000156,27,1,4,2,134,21.0,1,4,2,2,2,2,2,4,2.0,3,1,1,0,0,0,0,0,1,0,0,1,0,0,0,0,0,1,0,0
CUS000157,25,3,2,4,201,15.0,3,4,2,1,2,2,2,5,1.0,2,0,0,1,0,0,1,0,1,0,0,1,0,0,0,0,0,1,0,0
CUS000158,24,2,3,1,62,12.0,2,4,2,2,2,2,1,5,1.0,3,1,0,1,0,0,0,0,0,0,0,1,0,0,0,0,1,1,0,0
CUS000159,23,6,3,2,78,47.0,2,4,2,2,1,2,2,4,2.0,3,0,0,1,0,0,0,0,0,0,0,1,0,0,0,0,1,1,0,0
CUS000160,22,2,3,5,126,42.0,1,2,4,4,5,4,4,2,2.0,3,1,0,1,0,0,1,0,0,0,0,1,0,0,1,0,0,1,0,0
CUS000161,26,3,1,1,85,51.0,1,1,4,5,4,4,2,2,3.0,1,1,0,0,0,1,0,0,1,0,0,1,0,0,0,0,1,1,0,0
CUS000162,26,1,3,3,179,50.0,3,4,2,2,2,1,3,4,1.0,3,1,0,1,0,0,0,0,1,0,0,1,0,0,1,0,0,1,0,0
CUS000163,25,3,5,2,26,12.0,2,2,2,2,3,4,4,2,1.0,3,0,0,0,0,1,0,0,1,0,0,1,0,0,0,0,1,1,0,0
CUS000164,29,3,3,4,55,37.0,1,3,4,4,4,3,4,2,2.0,3,0,0,0,0,0,0,0,0,0,0,1,0,0,0,0,0,1,0,0
CUS000165,23,3,1,1,105,28.0,1,4,4,4,4,4,4,4,2.0,2,1,0,1,0,0,1,0,0,0,0,0,0,0,1,0,0,0,0,1
CUS000166,22,4,5,5,198,22.0,2,4,4,5,3,4,3,4,2.0,3,0,0,1,0,0,0,0,0,0,0,1,0,0,0,1,0,1,0,0
CUS000167,22,2,4,2,122,14.0,2,2,4,4,5,4,4,3,,3,1,0,1,0,0,1,0,0,0,0,1,0,0,0,0,0,1,0,0
CUS000168,32,5,2,5,72,63.0,2,4,4,4,2,2,2,5,3.0,3,0,0,0,1,0,0,0,0,1,0,1,0,0,0,0,1,1,0,0
CUS000169,28,1,1,2,214,41.0,1,4,2,2,2,3,2,4,2.0,3,1,0,0,0,0,0,0,1,0,0,1,0,0,0,0,0,1,0,0
CUS000170,22,2,4,5,254,31.0,2,4,3,4,4,5,4,4,1.0,3,1,0,1,0,0,1,0,1,0,0,1,0,0,0,1,0,1,0,0
CUS000171,25,2,1,2,88,74.0,3,4,4,4,4,5,4,3,3.0,3,1,0,1,0,0,0,0,0,0,0,1,0,0,0,1,0,1,0,0
CUS000172,26,2,5,2,34,21.0,1,2,4,4,4,5,4,3,1.0,1,0,0,0,0,0,0,0,1,0,0,1,0,0,1,0,0,0,0,1
CUS000173,31,6,2,4,218,48.0,1,2,4,4,4,4,4,4,2.0,3,1,0,0,0,1,0,0,0,1,0,1,0,0,0,0,1,1,0,0
CUS000174,24,3,2,3,66,17.0,1,4,2,2,2,2,1,4,2.0,1,1,0,1,0,0,1,0,1,0,0,1,0,0,0,0,0,1,0,0
CUS000175,24,2,4,1,93,60.0,3,4,2,3,2,3,2,4,1.0,3,1,0,1,0,0,0,0,1,0,0,1,0,0,0,0,1,0,0,1
CUS000176,31,5,4,5,94,59.0,2,4,2,3,2,3,3,5,3.0,1,0,0,0,0,0,0,1,0,0,0,1,0,0,0,0,0,1,0,0
CUS000177,26,2,3,4,29,23.0,1,2,4,4,5,4,4,1,2.0,2,1,0,1,0,0,0,0,0,0,0,1,0,0,0,1,0,0,0,1
CUS000178,24,2,3,2,51,65.0,1,4,2,2,2,1,1,4,4.0,3,0,0,0,0,1,0,0,0,0,0,1,0,0,0,0,0,1,0,0
CUS000179,22,3,3,2,67,13.0,3,4,1,1,1,1,1,4,1.0,3,0,0,1,0,0,1,0,0,0,0,1,0,0,0,0,0,1,0,0
CUS000180,19,6,5,3,82,30.0,1,4,4,2,2,3,2,5,,3,1,0,1,0,0,1,0,0,0,0,1,0,0,0,0,1,1,0,0
CUS000181,25,6,3,1,111,19.0,2,4,2,4,4,2,2,3,2.0,3,1,0,0,0,0,0,0,1,0,0,1,0,0,0,0,1,1,0,0
CUS000182,23,6,5,5,252,64.0,3,4,4,4,4,2,2,4,4.0,1,0,0,0,1,0,0,0,0,1,0,1,0,0,0,0,1,1,0,0
CUS000183,23,2,4,4,36,44.0,1,2,4,4,5,4,5,2,1.0,3,0,0,1,0,0,1,0,0,0,0,1,0,0,0,0,1,1,0,0
CUS000184,23,2,3,4,28,26.0,1,4,2,2,4,2,3,4,2.0,3,1,0,1,0,0,1,0,1,0,0,1,0,0,0,0,0,1,0,0
CUS000185,24,5,4,3,23,61.0,3,5,2,4,2,2,2,3,1.0,3,1,0,1,0,0,1,0,1,0,0,1,0,0,0,0,0,0,0,1
CUS000186,22,4,2,4,98,52.0,3,5,4,5,3,5,4,4,2.0,3,0,0,1,0,0,0,0,0,0,0,1,0,0,0,1,0,1,0,0
CUS000187,26,4,5,1,57,15.0,1,4,2,2,1,2,2,5,2.0,3,1,0,0,0,0,0,0,0,0,0,1,0,0,0,0,1,1,0,0
CUS000188,25,3,5,2,63,16.0,3,4,2,2,1,2,1,5,2.0,1,0,0,1,0,0,1,1,0,0,0,1,0,0,0,0,1,1,0,0
CUS000189,20,2,3,2,89,38.0,2,4,2,2,4,2,2,5,2.0,3,1,0,1,0,0,1,0,0,0,0,1,0,0,0,1,0,1,0,0
CUS000190,29,4,3,1,151,10.0,2,2,4,5,2,3,4,1,,2,1,0,0,0,0,0,0,0,0,0,1,0,0,1,0,0,1,0,0
CUS000191,23,1,4,3,243,17.0,1,1,2,2,1,1,1,1,,1,0,0,1,0,0,1,0,0,0,0,1,0,0,0,0,0,1,0,0
CUS000192,25,2,3,3,87,26.0,1,4,4,4,3,2,2,4,1.0,3,1,0,1,0,1,0,0,0,0,0,1,0,0,0,0,1,1,0,0
CUS000193,29,4,5,5,205,23.0,1,2,4,4,4,4,2,1,,3,0,0,0,0,0,0,0,0,0,0,1,0,0,0,1,0,0,0,1
CUS000194,27,6,1,3,190,63.0,2,4,4,4,4,5,4,4,3.0,3,1,0,0,0,1,0,0,0,0,0,1,0,0,0,0,1,1,0,0
CUS000195,25,3,5,4,34,58.0,3,4,2,2,1,2,2,4,3.0,1,1,0,1,0,1,0,0,0,0,0,1,0,0,0,0,1,1,0,0
CUS000196,21,2,2,1,91,59.0,2,2,4,4,4,4,4,3,1.0,3,1,0,1,0,0,1,0,0,0,0,1,0,0,1,0,0,1,0,0
CUS000197,23,3,3,2,85,57.0,2,4,2,2,2,3,4,5,1.0,3,1,0,1,0,0,1,0,0,0,0,1,0,0,0,0,0,0,0,1
CUS000198,24,4,4,2,202,48.0,3,4,4,4,3,3,3,2,2.0,3,0,0,1,0,0,0,0,1,0,0,1,0,0,0,0,1,0,0,1
CUS000199,32,3,3,3,182,55.0,2,4,2,3,3,3,3,3,2.0,1,1,0,0,0,1,0,0,0,1,0,1,0,0,1,0,0,1,0,0
CUS000200,28,5,5,2,124,17.0,2,4,2,2,4,2,4,4,2.0,1,1,0,0,0,0,0,0,1,0,0,1,0,0,0,0,1,1,0,0
CUS000201,26,2,4,1,159,50.0,2,4,2,2,3,3,2,3,1.0,3,1,0,1,0,0,0,0,0,0,0,1,0,0,0,0,1,1,0,0
CUS000202,31,5,3,3,220,64.0,1,4,4,4,2,3,2,3,3.0,3,0,0,0,1,0,0,0,0,0,0,1,0,0,0,1,0,1,0,0
CUS000203,27,3,2,3,49,50.0,3,4,2,2,3,2,3,4,2.0,1,0,0,0,0,1,0,0,0,0,0,1,0,0,1,0,0,1,0,0
CUS000204,21,1,1,5,112,58.0,1,4,1,2,3,3,4,3,1.0,2,0,0,1,0,0,1,0,1,0,0,1,0,0,0,1,0,1,0,0
CUS000205,23,2,4,4,239,14.0,1,4,2,3,4,4,3,2,2.0,3,0,0,1,0,0,1,0,0,0,0,1,0,0,0,0,1,1,0,0
CUS000206,26,4,3,5,65,56.0,1,4,2,2,4,3,2,3,2.0,3,1,0,0,0,0,0,0,0,0,0,1,0,0,0,0,1,1,0,0
CUS000207,32,5,2,4,132,21.0,2,4,2,2,4,3,3,4,1.0,1,1,0,0,0,0,0,0,0,0,0,0,0,1,0,0,1,1,0,0
CUS000208,25,2,5,3,72,31.0,2,4,2,3,4,2,2,3,2.0,3,0,0,0,0,0,1,0,1,0,0,1,0,0,0,0,1,0,1,0
CUS000209,28,2,4,4,61,28.0,3,4,4,2,4,2,2,5,2.0,2,1,0,1,0,1,0,0,1,0,0,1,0,0,1,0,0,1,0,0
CUS000210,21,3,1,4,228,39.0,3,4,4,4,2,2,2,4,1.0,3,0,0,1,0,0,1,0,1,0,0,1,0,0,0,0,0,1,0,0
CUS000211,24,2,4,5,189,28.0,2,4,2,2,4,2,2,3,1.0,3,1,0,1,0,0,1,0,1,0,0,1,0,0,0,1,0,1,0,0
CUS000212,26,5,4,4,145,25.0,1,2,4,4,4,3,3,2,2.0,2,0,0,0,0,1,0,0,0,0,0,1,0,0,1,0,0,0,0,1
CUS000213,32,3,1,4,243,16.0,3,4,2,2,3,4,4,4,1.0,3,1,0,0,0,0,0,0,0,0,0,1,0,0,0,0,1,1,0,0
CUS000214,29,6,1,1,46,56.0,3,4,2,2,2,3,2,4,4.0,1,1,0,1,0,1,0,0,0,0,0,1,0,0,0,0,1,1,0,0
CUS000215,21,5,1,3,96,23.0,3,4,4,3,4,4,2,5,2.0,3,1,0,1,0,0,1,0,0,0,0,1,0,0,0,1,0,1,0,0
CUS000216,24,3,1,4,137,45.0,3,2,4,2,2,2,2,4,1.0,2,0,0,1,0,1,0,0,1,0,0,1,0,0,1,0,0,0,0,1
CUS000217,26,2,2,4,104,29.0,1,4,2,2,2,2,2,5,1.0,1,1,1,0,0,1,0,0,1,0,0,1,0,0,0,0,1,1,0,0
CUS000218,25,3,3,3,61,56.0,1,4,3,2,2,2,3,3,1.0,3,1,0,0,0,0,0,1,0,0,0,1,0,0,0,1,0,1,0,0
CUS000219,29,3,4,1,203,52.0,3,2,4,3,4,3,4,2,2.0,3,1,0,1,0,0,0,0,0,0,0,1,0,0,1,0,0,1,0,0
CUS000220,22,3,1,2,141,48.0,2,4,4,5,4,4,5,3,1.0,3,1,0,1,0,0,1,0,0,0,0,1,0,0,0,0,1,1,0,0
CUS000221,24,2,4,1,228,41.0,2,5,1,2,3,2,2,3,1.0,3,1,0,1,0,0,1,0,0,0,0,0,0,0,0,0,1,1,0,0
CUS000222,27,2,4,3,226,46.0,2,4,2,2,4,2,2,5,1.0,3,1,0,0,0,0,0,0,0,0,0,1,0,0,0,0,1,1,0,0
CUS000223,23,3,5,2,244,18.0,2,2,4,4,4,4,3,2,,2,0,0,1,0,0,1,0,1,0,0,1,0,0,0,0,1,0,0,1
CUS000224,32,6,3,5,76,17.0,2,4,4,4,2,3,2,3,2.0,3,1,0,0,0,0,0,0,1,0,0,1,0,0,0,1,0,1,0,0
CUS000225,22,2,5,3,93,59.0,3,4,2,2,1,1,1,5,4.0,2,0,0,1,0,0,1,0,0,0,0,1,0,0,0,0,0,1,0,0
CUS000226,28,3,3,4,53,71.0,1,4,2,2,1,2,2,4,3.0,3,1,0,0,0,0,0,0,0,0,0,1,0,0,0,0,1,1,0,0
CUS000227,23,2,4,5,144,30.0,2,4,3,3,3,2,2,4,1.0,3,0,0,1,0,0,1,0,1,0,0,1,0,0,1,0,0,1,0,0
CUS000228,30,1,3,3,116,18.0,1,3,2,4,4,2,4,2,,3,1,0,0,0,1,0,0,0,0,0,1,0,0,0,0,1,1,0,0
CUS000229,21,3,1,3,163,53.0,2,4,2,2,2,1,1,3,1.0,3,1,0,1,0,0,1,0,0,0,0,1,0,0,0,0,1,1,0,0
CUS000230,26,6,5,1,244,26.0,2,2,4,4,4,5,4,1,1.0,3,0,0,0,0,0,0,0,0,0,0,1,0,0,1,0,0,0,0,1
CUS000231,25,3,5,2,168,67.0,2,4,4,2,1,4,2,5,3.0,1,1,0,1,0,1,0,0,0,1,0,1,0,0,1,0,0,1,0,0
CUS000232,31,1,2,4,250,26.0,2,3,4,4,4,3,2,2,,3,1,1,0,0,0,0,0,0,0,0,1,0,0,0,1,0,1,0,0
CUS000233,23,2,5,5,74,46.0,1,4,2,2,1,2,1,5,1.0,3,0,0,1,0,0,0,0,1,0,0,1,0,0,1,0,0,1,0,0
CUS000234,29,3,1,5,205,29.0,1,4,2,2,2,1,4,5,2.0,3,0,0,0,0,0,0,1,0,0,0,1,0,0,0,0,1,1,0,0
CUS000235,21,6,3,2,154,19.0,1,4,2,2,5,4,4,4,1.0,3,1,0,1,0,0,1,0,0,0,0,1,0,0,0,0,0,1,0,0
CUS000236,20,3,5,4,103,31.0,3,4,2,2,4,2,2,5,2.0,3,1,0,1,0,0,1,0,0,0,0,1,0,0,0,0,1,1,0,0
CUS000237,22,2,4,2,189,70.0,2,4,2,2,1,2,1,5,4.0,1,1,0,1,0,0,0,0,0,0,0,1,0,0,0,0,1,1,0,0
CUS000238,30,6,1,4,188,16.0,3,2,4,4,5,4,4,2,1.0,3,0,0,0,1,0,0,0,0,1,0,1,0,0,0,1,0,1,0,0
CUS000239,27,3,3,4,153,50.0,3,4,2,3,4,5,2,5,4.0,3,1,0,0,0,1,0,0,0,0,0,1,0,0,0,0,1,1,0,0
CUS000240,23,2,2,4,138,16.0,1,4,2,2,4,2,1,4,2.0,3,1,0,1,0,0,1,0,1,0,0,1,0,0,0,1,0,1,0,0
CUS000241,30,6,3,5,112,47.0,1,2,4,4,4,4,2,2,2.0,3,1,0,0,0,1,0,0,0,1,0,1,0,0,0,0,1,1,0,0
CUS000242,23,3,2,1,85,37.0,2,4,2,2,4,4,2,5,1.0,2,1,0,1,0,0,1,0,1,0,0,1,0,0,0,0,1,1,0,0
CUS000243,28,6,5,5,160,17.0,3,2,4,4,4,4,4,1,,3,0,0,0,0,0,0,0,1,0,0,1,0,0,0,0,1,1,0,0
CUS000244,30,6,1,1,224,50.0,3,4,2,2,3,2,3,3,3.0,3,1,0,0,0,1,0,0,0,0,0,1,0,0,0,1,0,0,0,1
CUS000245,24,2,5,5,145,74.0,1,4,2,2,1,2,2,2,4.0,3,0,0,0,0,0,0,0,1,0,0,1,0,0,0,0,1,1,0,0
CUS000246,21,2,5,1,257,33.0,2,2,2,1,4,2,2,2,1.0,3,1,0,1,0,0,1,0,0,0,0,1,0,0,0,0,1,1,0,0
CUS000247,23,3,5,1,206,49.0,1,4,4,4,3,2,2,5,2.0,2,0,1,0,0,0,0,0,0,0,0,1,0,0,0,1,0,1,0,0
CUS000248,25,4,3,2,177,38.0,3,4,2,2,4,2,4,5,1.0,3,1,0,0,0,1,0,0,1,0,0,1,0,0,1,0,0,1,0,0
CUS000249,24,2,3,4,207,35.0,2,4,2,3,4,3,3,5,2.0,3,0,0,1,0,0,0,0,0,0,0,1,0,0,0,0,1,1,0,0
CUS000250,26,3,5,5,94,11.0,2,2,4,4,4,4,4,2,,3,1,0,0,0,0,0,0,0,0,0,1,0,0,0,1,0,0,1,0
CUS000251,25,2,5,3,71,56.0,2,4,2,3,4,2,1,4,1.0,2,0,0,1,0,0,0,0,1,0,0,1,0,0,0,0,1,1,0,0
CUS000252,22,3,5,1,76,65.0,1,2,2,3,3,4,3,3,3.0,3,1,0,1,0,0,1,0,0,0,0,1,0,0,0,0,1,1,0,0
CUS000253,26,2,3,2,132,74.0,1,4,2,2,3,4,2,5,4.0,3,0,0,1,0,0,0,0,1,0,0,1,0,0,0,0,0,1,0,0
CUS000254,23,2,1,3,222,21.0,2,2,4,4,4,4,3,2,,3,1,0,1,0,0,0,0,0,0,0,1,0,0,0,0,1,1,0,0
CUS000255,21,2,1,2,177,40.0,1,2,2,2,3,4,4,1,1.0,3,0,0,1,0,0,0,0,0,0,0,1,0,0,1,0,0,1,0,0
CUS000256,25,3,5,3,148,56.0,1,4,3,2,2,3,4,4,2.0,3,1,0,0,0,1,0,0,0,0,0,1,0,0,0,1,0,1,0,0
CUS000257,24,2,5,4,217,39.0,2,4,4,3,3,2,2,3,3.0,3,0,0,0,0,0,0,0,1,0,0,1,0,0,0,0,0,1,0,0
CUS000258,22,2,4,1,105,15.0,1,4,4,5,4,4,2,4,1.0,3,1,0,0,0,0,1,0,0,0,0,1,0,0,0,0,1,0,0,1
CUS000259,24,3,4,5,189,34.0,3,4,4,3,3,3,2,4,2.0,3,1,0,0,0,0,0,0,1,0,0,1,0,0,0,0,1,0,0,1
CUS000260,22,2,2,1,202,48.0,3,4,4,2,4,2,4,4,2.0,3,0,0,1,0,0,1,0,0,0,0,0,0,1,0,0,1,1,0,0
CUS000261,30,5,2,5,251,33.0,3,2,4,4,4,2,2,2,2.0,3,1,0,0,0,0,0,0,0,0,0,1,0,0,0,0,0,1,0,0
CUS000262,23,4,3,1,250,19.0,1,4,2,3,3,4,4,4,1.0,3,0,1,0,0,0,0,0,0,0,0,1,0,0,0,1,0,0,0,1
CUS000263,19,6,2,3,111,22.0,1,4,2,4,4,2,2,4,2.0,3,1,0,1,0,0,1,0,0,0,0,1,0,0,0,0,1,1,0,0
CUS000264,21,2,5,5,94,52.0,3,4,2,4,4,2,2,5,2.0,3,0,0,1,0,0,1,0,0,0,0,1,0,0,0,0,0,0,0,1
CUS000265,23,4,5,3,186,62.0,1,4,4,4,4,4,2,2,3.0,2,1,0,1,0,0,1,0,0,0,0,1,0,0,0,0,1,1,0,0
CUS000266,24,3,4,1,228,53.0,3,4,2,2,4,2,4,4,3.0,3,0,0,1,0,0,0,0,0,0,0,1,0,0,0,0,1,1,0,0
CUS000267,26,2,4,5,193,11.0,3,2,4,4,5,2,2,1,,3,0,0,0,0,0,0,0,1,0,0,1,0,0,0,1,0,0,0,1
CUS000268,26,2,4,2,253,69.0,2,4,2,4,4,2,2,4,3.0,3,0,0,1,0,0,1,1,0,0,0,1,0,0,1,0,0,1,0,0
CUS000269,25,2,5,1,55,56.0,1,4,2,2,3,2,2,4,1.0,3,0,0,1,0,0,1,0,0,0,0,1,0,0,0,0,1,1,0,0
CUS000270,28,5,2,4,229,20.0,3,2,4,4,4,4,2,1,,3,0,0,0,0,0,0,0,0,0,0,1,0,0,0,1,0,1,0,0
CUS000271,25,3,2,4,49,60.0,1,4,4,4,2,2,2,4,4.0,2,0,0,1,0,0,1,0,1,0,0,1,0,0,1,0,0,1,0,0
CUS000272,20,2,5,3,154,48.0,3,4,4,4,4,4,2,2,2.0,2,0,0,1,0,0,1,0,0,0,0,1,0,0,0,0,1,1,0,0
CUS000273,27,6,5,2,143,21.0,2,2,4,4,4,2,4,2,,3,0,0,0,0,1,0,0,0,0,0,1,0,0,0,0,0,1,0,0
CUS000274,25,3,3,2,47,25.0,1,2,2,3,4,3,4,2,2.0,3,0,0,0,0,0,0,0,0,0,0,1,0,0,0,0,1,1,0,0
CUS000275,24,5,1,1,49,42.0,2,2,4,4,4,4,4,2,1.0,3,0,0,1,0,0,1,0,1,0,0,1,0,0,0,0,0,0,0,1
CUS000276,25,1,1,1,26,26.0,3,2,4,4,4,1,2,3,2.0,3,0,0,0,0,0,0,0,0,0,0,1,0,0,0,1,0,0,0,1
CUS000277,25,3,2,1,220,39.0,2,2,1,4,4,3,2,2,2.0,3,0,1,0,0,0,0,0,1,0,0,1,0,0,1,0,0,1,0,0
CUS000278,24,5,3,1,201,43.0,2,4,2,2,4,2,1,4,2.0,3,0,0,0,0,0,1,1,0,0,0,1,0,0,0,0,1,1,0,0
CUS000279,24,3,1,3,202,37.0,2,4,2,1,2,1,2,4,2.0,3,1,0,1,0,0,1,0,1,0,0,1,0,0,0,0,1,1,0,0
CUS000280,22,1,4,1,244,52.0,1,4,2,3,4,3,2,4,2.0,1,1,0,1,0,0,0,0,0,0,0,1,0,0,0,1,0,0,0,1
CUS000281,28,2,2,1,98,47.0,1,2,4,4,4,4,4,2,1.0,3,1,0,1,0,0,0,0,1,0,0,1,0,0,0,1,0,1,0,0
CUS000282,25,6,5,3,45,9.0,2,1,4,4,4,3,4,1,,3,0,0,1,0,0,0,0,1,0,0,1,0,0,0,0,1,1,0,0
CUS000283,21,3,2,1,152,59.0,2,4,3,2,2,2,3,3,1.0,3,1,0,0,0,0,0,1,0,0,0,1,0,0,0,1,0,1,0,0
CUS000284,22,3,1,5,209,28.0,2,4,2,3,3,3,3,3,2.0,1,1,0,0,0,1,0,0,0,1,0,1,0,0,1,0,0,1,0,0
CUS000285,31,3,3,1,29,47.0,2,4,3,2,2,2,3,3,1.0,3,1,0,0,0,0,0,1,0,0,0,1,0,0,0,1,0,1,0,0
CUS000286,30,6,2,1,127,31.0,3,4,4,4,2,3,2,3,2.0,3,1,0,0,0,0,0,0,1,0,0,1,0,0,0,1,0,1,0,0
CUS000287,23,2,1,3,102,17.0,2,4,4,3,4,3,5,3,2.0,3,0,0,1,0,0,1,0,1,0,0,1,0,0,0,0,0,1,0,0
CUS000288,25,2,1,2,99,61.0,1,4,2,3,4,4,4,5,1.0,3,0,0,1,0,1,0,0,0,0,0,1,0,0,0,1,0,0,1,0
CUS000289,34,1,4,4,142,50.0,2,3,2,4,3,3,5,2,2.0,3,1,0,1,0,0,0,0,1,0,0,0,1,0,0,1,0,1,0,0
CUS000290,26,2,1,2,34,17.0,2,4,1,2,4,2,1,3,2.0,3,1,0,1,0,0,0,0,1,0,0,1,0,0,0,0,0,1,0,0
CUS000291,29,3,3,1,164,22.0,1,5,2,3,4,3,4,4,1.0,1,1,0,0,0,0,1,0,0,0,0,1,0,0,1,0,0,0,0,1
CUS000292,35,3,1,5,209,56.0,3,4,2,4,4,5,1,5,1.0,3,1,0,1,0,0,1,0,0,0,0,0,1,0,1,0,0,1,0,0
CUS000293,33,1,4,1,114,40.0,2,5,2,3,2,3,3,4,4.0,3,0,0,1,0,0,0,0,1,0,0,1,0,0,0,0,1,1,0,0
CUS000294,26,3,2,5,49,42.0,3,4,2,2,2,3,2,2,3.0,3,1,0,1,0,0,0,0,0,1,0,1,0,0,0,0,1,1,0,0
CUS000295,24,6,4,4,129,48.0,3,4,1,4,1,4,4,2,1.0,3,1,0,0,0,0,0,0,1,0,0,1,0,0,0,0,1,1,0,0
CUS000296,18,1,1,5,235,20.0,1,2,2,2,4,3,2,2,2.0,3,1,0,1,0,0,0,0,1,0,0,1,0,0,0,1,0,0,0,1
CUS000297,25,1,2,5,76,53.0,3,4,4,3,5,3,4,3,1.0,3,1,0,1,0,1,0,0,1,0,0,1,0,0,0,0,0,0,0,1
CUS000298,34,1,4,4,41,18.0,2,5,4,3,3,4,2,3,,3,1,0,1,0,1,0,0,1,0,0,1,0,0,0,0,1,1,0,0
CUS000299,31,6,1,2,94,40.0,1,5,4,2,1,4,2,1,1.0,1,1,0,0,0,0,1,1,0,0,0,0,1,0,0,0,1,1,0,0
CUS000300,19,1,4,4,128,42.0,1,4,2,2,4,3,1,5,2.0,3,1,0,0,0,0,0,0,0,0,0,1,0,0,0,0,0,1,0,0
CUS000301,23,2,3,2,160,50.0,2,4,4,4,5,4,2,3,4.0,3,0,0,1,0,0,0,0,1,0,0,1,0,0,0,1,0,1,0,0
CUS000302,32,5,1,2,158,37.0,3,4,3,4,4,2,2,4,2.0,1,0,0,1,0,0,1,0,1,0,0,1,0,0,0,0,0,0,0,1
CUS000303,18,4,1,4,160,26.0,2,4,4,5,4,4,3,3,1.0,3,1,0,1,0,0,1,1,0,0,0,1,0,0,0,0,0,1,0,0
CUS000304,27,5,1,5,250,46.0,1,2,2,1,4,4,4,4,2.0,2,0,0,1,0,0,1,0,1,0,0,1,0,0,1,0,0,1,0,0
CUS000305,34,6,1,4,235,61.0,3,2,5,4,2,1,4,2,,3,1,0,1,0,0,1,0,0,0,0,1,0,0,0,0,1,0,0,1
CUS000306,34,3,1,3,34,65.0,2,4,2,3,4,4,4,4,2.0,3,1,0,1,0,1,0,0,0,0,0,1,0,0,1,0,0,1,0,0
CUS000307,30,3,2,3,147,55.0,1,4,3,5,2,4,5,2,2.0,3,0,0,1,0,0,1,0,0,0,0,1,0,0,0,0,0,1,0,0
CUS000308,33,6,3,3,126,26.0,2,4,3,3,3,3,2,3,,3,0,0,1,0,0,0,0,1,0,0,1,0,0,0,0,0,0,0,1
CUS000309,33,2,3,1,203,17.0,3,5,1,5,4,1,2,2,1.0,1,0,0,1,0,1,0,0,1,0,0,1,0,0,1,0,0,1,0,0
CUS000310,18,2,3,3,81,19.0,2,5,5,4,5,2,2,5,1.0,1,1,0,1,0,0,1,0,0,0,0,1,0,0,0,0,1,1,0,0
CUS000311,24,2,1,3,240,55.0,1,4,4,2,5,2,4,3,2.0,3,1,0,1,0,0,1,0,0,0,0,1,0,0,0,1,0,0,0,1
CUS000312,28,1,2,1,57,28.0,1,2,5,4,4,4,2,4,3.0,1,0,0,1,0,0,1,0,0,0,0,1,0,0,0,0,0,0,0,1
CUS000313,23,4,5,2,246,31.0,1,4,2,2,1,4,4,4,2.0,3,1,0,1,0,0,1,0,1,0,0,1,0,0,0,0,1,1,0,0
CUS000314,20,4,4,4,34,19.0,1,2,2,2,4,2,2,2,1.0,1,0,0,0,0,0,0,0,0,0,0,1,0,0,0,1,0,1,0,0
CUS000315,23,6,1,2,173,63.0,3,4,4,2,4,2,2,5,2.0,3,1,0,1,0,0,1,0,0,0,0,1,0,0,0,0,0,0,0,1
CUS000316,19,2,1,1,140,29.0,3,4,2,4,4,4,2,5,2.0,3,0,0,0,0,0,1,0,0,0,0,1,0,0,0,0,1,1,0,0
CUS000317,32,6,4,3,54,74.0,2,4,2,3,2,5,1,2,1.0,3,0,1,0,1,0,0,0,0,1,0,1,0,0,1,0,0,1,0,0
CUS000318,32,6,2,1,71,23.0,3,5,5,2,4,5,4,2,4.0,3,1,0,1,0,0,1,1,0,0,0,1,0,0,0,1,0,0,0,1
CUS000319,29,6,3,1,23,42.0,1,4,5,2,2,2,2,5,2.0,2,0,0,0,0,0,1,1,0,0,0,1,0,0,0,1,0,1,0,0
CUS000320,22,1,1,4,124,45.0,2,3,4,3,4,5,3,4,1.0,1,0,0,1,0,0,1,0,0,0,0,1,0,0,0,1,0,1,0,0
CUS000321,30,5,2,1,62,21.0,2,4,4,4,3,2,4,4,2.0,3,0,0,1,0,0,0,0,1,0,0,1,0,0,0,0,1,1,0,0
CUS000322,19,6,1,1,175,46.0,1,4,2,4,4,5,2,3,1.0,2,0,0,1,0,0,0,0,0,0,0,1,0,0,0,0,1,1,0,0
CUS000323,24,3,2,4,67,60.0,2,4,3,4,4,2,2,4,2.0,2,0,0,1,0,0,0,0,0,0,0,1,0,0,1,0,0,1,0,0
CUS000324,32,5,4,2,137,40.0,2,4,3,4,4,2,4,2,1.0,3,0,1,0,0,0,0,0,0,0,0,1,0,0,0,0,1,0,0,1
CUS000325,31,2,2,2,166,41.0,2,4,2,4,3,4,4,4,1.0,3,1,0,1,0,0,1,0,1,0,0,1,0,0,1,0,0,1,0,0
CUS000326,28,4,1,3,234,64.0,1,4,2,3,1,4,2,4,1.0,1,0,0,1,1,0,0,0,1,0,0,1,0,0,0,1,0,1,0,0
CUS000327,34,1,1,5,139,49.0,3,2,4,2,4,2,4,2,3.0,3,1,0,0,0,0,0,0,1,0,0,1,0,0,0,0,0,1,0,0
CUS000328,28,3,3,4,100,15.0,3,4,2,4,1,4,2,2,1.0,3,1,0,0,0,0,0,0,0,0,0,0,1,0,0,0,0,1,0,0
CUS000329,29,1,3,2,157,26.0,1,4,4,3,2,4,2,5,2.0,3,0,0,0,0,0,1,0,0,0,0,1,0,0,0,0,1,1,0,0
CUS000330,28,3,4,2,35,66.0,2,4,2,3,4,4,4,4,1.0,3,1,0,0,0,0,1,1,0,0,0,1,0,0,0,0,1,1,0,0
CUS000331,35,1,1,2,194,54.0,2,1,2,5,3,3,5,4,2.0,2,1,0,0,0,0,1,0,0,0,0,1,0,0,0,0,1,0,0,1
CUS000332,26,1,5,2,207,17.0,1,4,4,3,4,1,3,5,3.0,3,1,1,0,0,0,1,0,1,0,0,1,0,0,0,1,0,1,0,0
CUS000333,23,2,5,4,32,36.0,2,4,2,2,4,5,2,3,3.0,3,0,0,0,0,1,0,0,0,0,0,1,0,0,0,0,1,1,0,0
CUS000334,19,2,1,4,120,24.0,2,1,3,3,2,2,4,2,2.0,3,0,0,1,0,0,0,0,1,0,0,1,0,0,0,0,1,0,0,1
CUS000335,35,3,4,4,225,62.0,3,4,5,2,2,4,4,5,1.0,3,1,0,1,0,0,0,0,1,0,0,1,0,0,0,0,1,1,0,0
CUS000336,18,6,3,5,221,17.0,1,2,4,2,2,3,3,3,2.0,3,0,0,0,0,1,0,0,1,0,0,1,0,0,0,1,0,1,0,0
CUS000337,33,2,3,3,151,19.0,2,4,4,4,2,4,4,5,1.0,3,0,0,1,0,0,1,0,0,0,0,0,1,0,0,1,0,0,0,1
CUS000338,24,3,4,2,197,17.0,1,4,4,4,3,4,5,4,,3,0,0,0,0,0,0,0,1,0,0,1,0,0,0,0,1,1,0,0
CUS000339,30,1,5,3,254,17.0,2,4,5,3,4,4,4,4,1.0,3,0,0,1,0,1,0,0,0,0,0,1,0,0,1,0,0,1,0,0
CUS000340,22,6,5,1,104,35.0,2,5,2,4,2,2,4,4,1.0,2,0,0,0,0,0,0,0,0,0,0,1,0,0,0,1,0,1,0,0
CUS000341,18,4,1,5,111,72.0,2,4,2,3,4,3,3,5,2.0,3,0,0,1,0,0,0,1,0,0,0,1,0,0,0,1,0,1,0,0
CUS000342,32,2,1,3,111,39.0,2,4,2,4,3,3,3,2,,3,1,0,1,0,0,1,0,1,0,0,1,0,0,0,1,0,1,0,0
CUS000343,27,4,3,3,172,59.0,2,4,3,4,3,4,4,4,1.0,1,0,0,0,0,0,0,0,1,0,0,1,0,0,0,0,1,0,0,1
CUS000344,26,3,4,3,67,26.0,3,5,1,2,2,5,2,4,3.0,2,0,0,0,0,0,1,0,1,0,0,1,0,0,0,0,0,0,0,1
CUS000345,23,5,3,4,162,59.0,3,4,4,3,5,3,2,4,4.0,3,0,0,0,0,0,1,0,1,0,0,1,0,0,0,1,0,1,0,0
CUS000346,30,4,4,1,80,55.0,2,5,4,2,3,5,5,4,2.0,3,0,0,0,0,0,1,0,0,0,0,1,0,0,0,0,0,1,0,0
CUS000347,18,5,5,2,222,26.0,2,5,1,2,2,4,2,1,1.0,3,1,0,0,0,0,1,0,1,0,0,1,0,0,0,1,0,1,0,0
CUS000348,18,2,3,2,232,26.0,1,5,2,3,4,2,5,4,2.0,3,1,0,1,0,0,1,0,0,0,0,1,0,0,0,1,0,1,0,0
CUS000349,33,2,5,4,214,35.0,3,4,4,1,3,4,4,5,2.0,3,0,0,1,0,0,1,0,1,0,0,1,0,0,1,0,0,1,0,0
CUS000350,22,2,4,5,228,63.0,2,2,2,4,4,2,4,2,1.0,3,0,0,1,0,0,1,1,0,0,0,1,0,0,0,0,0,0,0,1
CUS000351,29,6,5,5,167,29.0,2,4,3,2,3,2,3,3,1.0,3,1,0,0,0,0,1,0,0,0,0,1,0,0,0,0,0,1,0,0
CUS000352,28,4,5,2,130,47.0,2,5,4,5,2,5,2,4,1.0,3,0,0,1,0,1,0,0,1,0,0,0,1,0,0,1,0,1,0,0
CUS000353,31,2,5,5,35,44.0,3,4,2,1,5,4,4,2,1.0,3,0,0,1,0,0,1,0,0,1,0,1,0,0,0,1,0,0,0,1
CUS000354,26,3,3,3,46,72.0,1,4,5,5,2,4,5,5,4.0,3,1,0,1,0,1,0,0,0,0,0,1,0,0,0,1,0,1,0,0
CUS000355,27,1,4,1,38,32.0,3,4,3,3,4,3,3,4,1.0,3,1,1,0,0,0,0,0,0,1,0,1,0,0,0,0,1,1,0,0
CUS000356,26,5,2,2,51,50.0,3,4,3,5,4,2,5,4,1.0,3,0,0,1,0,0,0,0,1,0,0,1,0,0,0,0,0,1,0,0
CUS000357,32,4,5,3,219,55.0,1,5,3,4,5,3,2,3,1.0,3,1,0,0,0,0,1,0,1,0,0,1,0,0,0,0,1,1,0,0
CUS000358,32,1,4,2,28,38.17907444668008,2,4,1,4,4,5,2,4,1.0,2,0,0,0,0,0,0,0,1,0,0,1,0,0,0,1,0,1,0,0
CUS000359,28,2,4,2,87,68.0,1,4,4,1,3,3,3,4,3.0,2,1,0,1,0,0,0,0,0,0,0,1,0,0,0,0,1,1,0,0
CUS000360,26,2,4,4,169,56.0,1,2,4,2,3,4,4,1,3.0,3,0,0,1,0,0,1,0,0,0,0,1,0,0,1,0,0,1,0,0
CUS000361,33,4,5,5,166,56.0,1,2,4,2,3,3,4,4,2.0,3,0,0,1,0,0,1,0,1,0,0,1,0,0,0,1,0,1,0,0
CUS000362,30,3,1,5,77,57.0,2,4,3,2,4,4,4,5,3.0,3,1,0,1,0,0,1,0,1,0,0,1,0,0,1,0,0,1,0,0
CUS000363,18,4,5,2,156,55.0,3,3,4,1,3,2,2,3,3.0,3,0,0,1,0,0,0,0,1,0,0,1,0,0,1,0,0,1,0,0
CUS000364,21,3,2,1,247,54.0,2,5,4,5,4,2,5,4,1.0,3,0,0,0,0,0,0,0,1,0,0,1,0,0,0,1,0,1,0,0
CUS000365,20,5,2,1,165,29.0,3,1,2,2,2,5,1,5,4.0,1,1,0,1,0,0,1,0,0,0,0,1,0,0,1,0,0,1,0,0
CUS000366,31,2,5,3,255,48.0,1,4,2,3,4,3,3,3,2.0,3,0,0,1,0,0,1,0,1,0,0,1,0,0,0,1,0,1,0,0
CUS000367,18,1,1,2,44,39.0,2,4,2,3,3,2,4,5,3.0,1,1,0,1,0,0,1,0,0,0,0,1,0,0,1,0,0,1,0,0
CUS000368,29,3,5,4,159,40.0,3,4,4,4,4,5,2,3,1.0,3,1,0,1,0,0,0,0,0,0,1,1,0,0,0,1,0,0,0,1
CUS000369,21,1,5,1,127,60.0,1,4,3,2,3,2,2,4,1.0,3,0,0,0,0,1,0,0,0,0,0,1,0,0,0,1,0,1,0,0
CUS000370,35,5,2,5,68,18.0,1,2,4,2,2,2,3,2,2.0,3,1,0,0,0,0,0,0,0,0,0,1,0,0,0,0,0,1,0,0
CUS000371,29,1,1,4,194,35.0,1,4,4,3,3,5,2,3,1.0,3,0,0,1,0,0,0,0,0,0,0,1,0,0,0,1,0,1,0,0
CUS000372,19,6,3,3,42,40.0,1,2,2,5,4,3,4,4,1.0,3,1,0,1,0,0,1,0,0,0,0,1,0,0,1,0,0,1,0,0
CUS000373,25,4,4,1,75,45.0,1,4,2,4,3,3,5,5,1.0,3,1,1,0,0,0,1,0,0,0,0,1,0,0,0,0,1,1,0,0
CUS000374,19,1,2,5,179,52.0,2,4,4,5,2,5,2,4,2.0,3,1,0,1,0,0,1,0,1,0,0,1,0,0,0,0,1,1,0,0
CUS000375,35,6,3,4,168,31.0,2,4,2,4,3,3,2,4,2.0,3,1,0,1,0,1,0,0,1,0,0,1,0,0,0,0,0,1,0,0
CUS000376,31,3,5,1,52,48.0,2,4,1,3,4,4,2,2,2.0,3,1,0,0,0,0,1,0,0,0,0,1,0,0,1,0,0,0,0,1
CUS000377,33,4,5,2,91,40.0,2,4,4,4,4,5,2,5,3.0,3,1,0,1,0,0,0,1,0,0,0,0,1,0,1,0,0,1,0,0
CUS000378,19,4,2,3,34,72.0,3,4,2,4,2,5,2,4,2.0,3,0,0,1,0,0,1,0,0,0,0,0,0,0,0,0,0,1,0,0
CUS000379,27,3,2,2,43,63.0,3,4,2,2,4,4,2,5,2.0,3,1,0,0,0,0,1,0,0,0,0,1,0,0,0,0,0,1,0,0
CUS000380,20,4,1,4,122,50.0,1,4,4,5,4,4,4,5,1.0,3,1,0,0,0,0,0,0,1,0,0,1,0,0,0,0,1,1,0,0
CUS000381,27,6,1,4,181,38.0,2,4,3,5,4,2,2,3,2.0,3,1,0,0,0,1,0,0,0,0,0,1,0,0,0,1,0,1,0,0
CUS000382,33,2,2,3,83,11.0,3,4,4,2,4,4,2,5,1.0,2,0,0,1,0,0,1,0,1,0,0,1,0,0,0,0,0,1,0,0
CUS000383,25,3,2,5,144,60.0,3,4,4,1,1,2,3,2,1.0,3,0,0,0,0,0,1,0,1,0,0,1,0,0,0,0,1,1,0,0
CUS000384,33,3,2,2,38,59.0,3,4,4,4,5,3,2,4,1.0,3,0,0,1,0,0,1,0,0,0,0,1,0,0,0,1,0,1,0,0
CUS000385,26,3,2,3,218,23.0,3,4,4,2,4,5,4,4,1.0,3,1,0,0,0,0,1,1,0,0,0,1,0,0,1,0,0,1,0,0
CUS000386,26,1,5,5,231,21.0,1,2,4,2,4,2,4,4,2.0,3,1,0,1,0,0,0,0,1,0,0,1,0,0,0,0,1,0,0,1
CUS000387,33,2,5,3,85,50.0,2,3,4,4,4,5,2,5,3.0,3,1,1,0,0,0,0,0,0,0,0,1,0,0,1,0,0,0,0,1
CUS000388,28,4,2,1,84,29.0,3,2,4,4,3,3,3,4,,3,1,0,1,0,0,1,0,0,1,0,1,0,0,0,0,1,0,0,1
CUS000389,23,6,5,5,165,40.0,2,4,2,5,3,4,3,2,2.0,3,1,0,1,0,1,0,0,0,0,0,1,0,0,0,1,0,1,0,0
CUS000390,18,6,4,5,143,17.0,1,4,4,2,2,3,2,4,4.0,1,1,0,0,0,0,1,0,0,1,0,1,0,0,0,1,0,1,0,0
CUS000391,29,5,5,3,238,50.0,3,4,5,5,1,4,4,4,1.0,3,1,0,1,0,0,0,0,0,0,0,1,0,0,0,0,1,0,0,0
CUS000392,34,5,2,2,237,40.0,1,4,5,5,2,3,4,5,2.0,3,0,0,1,0,0,0,0,0,0,0,1,0,0,1,0,0,0,0,1
CUS000393,28,5,4,5,60,14.0,3,5,4,3,4,3,2,5,1.0,1,1,0,1,0,0,1,0,1,0,0,0,0,0,0,0,1,1,0,0
CUS000394,32,3,4,1,60,19.0,3,4,4,5,4,4,2,4,1.0,3,1,0,1,0,0,0,0,1,0,0,1,0,0,0,1,0,1,0,0
CUS000395,27,5,2,2,58,23.0,3,2,4,4,4,3,3,5,2.0,3,0,0,1,0,0,0,0,0,0,0,1,0,0,0,1,0,1,0,0
CUS000396,35,4,1,5,53,19.0,3,4,4,4,2,2,2,5,2.0,3,0,0,1,0,0,1,0,1,0,0,1,0,0,0,0,1,0,0,1
CUS000397,28,1,3,1,75,52.0,3,4,4,3,3,2,3,3,2.0,2,1,0,1,0,0,1,0,0,0,0,1,0,0,0,0,1,1,0,0
CUS000398,28,4,5,5,102,28.0,3,5,4,3,2,2,2,3,2.0,2,1,0,1,0,0,0,0,0,0,0,1,0,0,0,0,1,1,0,0
CUS000399,19,3,3,1,192,57.0,2,2,4,4,3,5,2,4,2.0,3,1,0,1,0,1,0,0,1,0,0,1,0,0,0,1,0,1,0,0
CUS000400,32,6,4,5,203,21.0,3,5,2,4,3,2,2,2,2.0,3,1,0,1,0,1,0,1,0,0,0,1,0,0,0,0,1,1,0,0
CUS000401,20,1,5,5,82,54.0,2,4,5,4,5,5,2,3,2.0,2,1,0,1,0,0,1,0,0,0,0,0,1,0,1,0,0,1,0,0
CUS000402,31,3,3,3,122,41.0,1,4,5,2,4,1,2,5,2.0,2,0,0,0,0,0,0,1,0,0,0,1,0,0,0,0,1,0,0,1
CUS000403,18,5,1,4,162,48.0,1,2,2,3,1,4,4,4,2.0,3,0,0,1,0,0,1,0,0,0,0,1,0,0,0,1,0,1,0,0
CUS000404,25,1,1,4,190,43.0,3,4,3,4,4,2,4,3,1.0,3,1,0,0,0,1,0,0,1,0,0,1,0,0,0,1,0,1,0,0
CUS000405,18,4,4,5,229,29.0,1,4,1,4,3,4,3,3,3.0,3,1,0,1,0,0,0,1,0,0,0,1,0,0,1,0,0,1,0,0
CUS000406,22,5,3,1,27,18.0,3,4,4,5,4,3,4,4,3.0,3,1,0,0,0,0,0,0,1,0,0,1,0,0,1,0,0,1,0,0
CUS000407,31,6,1,3,206,16.0,1,4,2,3,1,1,1,5,1.0,1,1,0,0,0,0,0,1,0,0,0,1,0,0,0,0,0,1,0,0
CUS000408,33,5,4,5,113,36.0,3,4,3,2,1,2,3,3,2.0,3,0,0,1,0,1,0,0,1,0,0,1,0,0,1,0,0,1,0,0
CUS000409,18,6,1,5,177,41.0,3,5,2,4,5,4,2,5,1.0,3,0,0,1,0,0,1,0,0,0,0,1,0,0,0,0,1,1,0,0
CUS000410,18,4,2,2,42,56.0,1,5,2,2,4,4,2,4,1.0,3,1,0,1,0,0,0,1,0,0,0,1,0,0,0,0,0,1,0,0
CUS000411,23,4,4,3,45,40.0,1,4,4,4,3,1,2,4,2.0,1,1,0,0,0,0,0,0,1,0,0,0,1,0,1,0,0,1,0,0
CUS000412,25,5,1,1,104,47.0,1,4,5,3,2,2,2,4,4.0,1,1,0,1,0,0,1,0,1,0,0,1,0,0,0,0,1,1,0,0
CUS000413,28,5,2,3,75,30.0,1,4,4,2,3,1,1,2,4.0,3,1,0,0,0,0,1,0,1,0,0,1,0,0,0,1,0,0,1,0
CUS000414,25,1,2,4,98,36.0,3,4,4,2,1,1,4,4,2.0,2,1,0,0,0,0,1,0,1,0,0,1,0,0,1,0,0,1,0,0
CUS000415,26,6,3,5,45,26.0,2,2,2,3,4,3,4,2,4.0,3,1,0,1,0,0,1,0,0,0,0,1,0,0,0,0,0,1,0,0
CUS000416,35,4,1,3,155,52.0,3,2,4,4,1,3,2,4,2.0,2,0,0,1,0,0,1,0,1,0,0,1,0,0,0,1,0,1,0,0
CUS000417,31,6,1,5,225,56.0,3,4,3,5,1,4,2,4,1.0,3,1,0,1,0,0,0,0,1,0,0,0,1,0,0,0,1,0,0,1
CUS000418,27,6,2,2,89,15.0,3,2,3,2,1,4,2,5,2.0,3,0,0,1,0,0,1,0,1,0,0,1,0,0,0,0,1,0,0,1
CUS000419,29,4,4,2,101,19.0,2,1,2,3,4,5,2,5,2.0,3,0,0,1,0,0,0,0,1,0,0,1,0,0,0,0,1,0,0,1
CUS000420,32,6,2,3,239,55.0,3,4,2,1,5,2,3,4,1.0,3,0,0,1,0,0,1,0,0,0,0,1,0,0,0,1,0,1,0,0
CUS000421,35,4,3,4,251,17.0,2,4,2,2,4,2,4,3,1.0,3,0,0,1,0,0,1,0,1,0,0,1,0,0,1,0,0,1,0,0
CUS000422,35,2,3,5,62,21.0,1,4,4,4,3,3,3,5,2.0,3,1,0,0,0,0,1,0,0,0,1,1,0,0,0,0,0,1,0,0
CUS000423,35,6,2,5,117,39.0,1,5,3,1,3,3,4,5,1.0,3,0,0,1,0,0,1,0,0,0,0,1,0,0,1,0,0,1,0,0
CUS000424,19,3,4,3,93,44.0,1,4,2,2,4,5,4,4,,3,0,0,1,0,0,1,0,1,0,0,0,0,1,0,1,0,1,0,0
CUS000425,28,1,1,3,32,63.0,1,4,1,2,3,2,3,5,2.0,3,0,0,0,0,0,1,0,1,0,0,1,0,0,0,1,0,1,0,0
CUS000426,32,3,2,4,38,22.0,2,4,4,2,4,2,1,3,2.0,3,1,0,1,0,0,1,0,1,0,0,1,0,0,0,1,0,1,0,0
CUS000427,31,3,5,4,139,26.0,2,4,2,4,3,4,3,4,1.0,3,0,0,0,0,0,1,0,1,0,0,1,0,0,0,0,0,1,0,0
CUS000428,33,2,4,3,67,50.0,3,2,3,3,3,2,3,5,1.0,3,0,0,0,0,0,0,0,1,0,0,0,1,0,1,0,0,0,0,1
CUS000429,30,1,3,2,168,39.0,1,4,4,3,4,4,3,3,3.0,3,1,0,1,0,0,1,0,1,0,0,1,0,0,0,0,0,1,0,0
CUS000430,35,3,2,1,185,30.0,3,4,4,3,3,5,1,5,1.0,3,1,0,1,0,0,1,0,0,0,0,1,0,0,1,0,0,0,0,1
CUS000431,21,5,1,3,211,62.0,1,4,2,2,1,4,3,4,,1,1,0,1,0,0,1,0,0,0,0,1,0,0,0,0,1,1,0,0
CUS000432,25,4,1,3,110,70.0,1,2,4,5,2,4,4,2,4.0,1,1,0,0,0,0,0,0,1,0,0,1,0,0,0,1,0,1,0,0
CUS000433,27,2,2,4,57,42.0,3,2,4,5,2,2,3,3,1.0,3,1,0,1,0,0,0,0,1,0,0,1,0,0,0,0,1,0,0,1
CUS000434,24,2,3,3,102,43.0,2,3,4,2,3,4,2,2,2.0,3,0,0,0,0,0,1,0,1,0,0,1,0,0,0,1,0,1,0,0
CUS000435,26,6,3,5,182,26.0,3,4,1,5,3,4,3,5,3.0,3,1,0,0,0,0,0,0,0,0,0,1,0,0,1,0,0,0,0,1
CUS000436,27,1,1,5,221,12.0,3,4,5,4,4,5,5,5,2.0,2,1,0,1,0,0,0,0,0,0,0,1,0,0,0,1,0,1,0,0
CUS000437,27,6,4,2,191,20.0,3,4,4,2,2,3,4,5,1.0,3,1,0,0,0,0,1,1,0,0,0,1,0,0,0,0,0,1,0,0
CUS000438,32,1,5,4,207,32.0,1,4,2,3,4,5,3,3,2.0,2,0,0,1,0,0,1,0,1,0,0,1,0,0,1,0,0,1,0,0
CUS000439,27,3,1,4,105,62.0,2,2,3,4,3,3,3,3,2.0,3,1,0,0,0,0,1,0,0,0,0,1,0,0,0,0,1,1,0,0
CUS000440,32,3,5,3,86,33.0,2,5,4,1,5,4,2,4,1.0,1,1,0,1,0,0,1,0,0,0,0,1,0,0,0,1,0,1,0,0
CUS000441,31,4,2,1,153,27.0,2,4,4,4,3,4,3,4,1.0,1,0,0,1,0,0,0,0,1,0,0,1,0,0,0,0,1,1,0,0
CUS000442,27,2,2,1,112,62.0,1,4,4,4,3,3,3,4,2.0,3,0,1,0,0,0,0,0,0,1,0,1,0,0,0,1,0,1,0,0
CUS000443,22,4,4,2,243,57.0,2,4,2,2,4,4,5,5,1.0,1,1,0,1,0,0,1,0,1,0,0,1,0,0,0,0,1,1,0,0
CUS000444,35,2,5,4,232,25.0,3,1,2,4,4,4,5,2,2.0,3,1,0,1,0,0,1,0,1,0,0,1,0,0,0,1,0,1,0,0
CUS000445,26,1,3,5,136,35.0,1,5,4,5,4,2,2,5,2.0,3,0,0,1,0,1,0,0,1,0,0,1,0,0,1,0,0,1,0,0
CUS000446,27,3,1,5,150,38.17907444668008,3,4,4,4,3,3,5,5,1.0,3,1,0,1,0,0,0,0,1,0,0,1,0,0,0,0,1,0,0,1
CUS000447,33,2,5,4,189,17.0,1,4,3,4,4,2,5,4,,3,1,0,1,0,1,0,0,0,0,0,1,0,0,0,0,0,1,0,0
CUS000448,20,5,4,1,186,49.0,1,4,4,2,1,3,4,4,2.0,3,1,0,0,0,0,0,1,0,0,0,1,0,0,0,1,0,1,0,0
CUS000449,22,5,2,5,185,19.0,1,2,1,2,5,1,4,5,3.0,3,1,0,0,0,0,1,0,0,0,0,0,1,0,0,0,1,1,0,0
CUS000450,35,3,2,1,227,17.0,1,5,1,2,4,3,5,4,3.0,1,1,0,1,0,1,0,0,0,0,0,1,0,0,0,0,1,1,0,0
CUS000451,29,6,5,2,181,42.0,1,4,4,4,4,2,3,3,2.0,2,1,0,1,0,0,0,0,0,1,0,1,0,0,0,1,0,1,0,0
CUS000452,30,4,5,5,42,45.0,3,4,2,2,2,2,2,2,2.0,3,0,0,1,0,0,1,0,0,0,0,1,0,0,0,0,1,0,0,1
CUS000453,22,2,4,5,233,69.0,1,2,2,2,4,3,4,1,2.0,3,1,1,0,0,0,0,0,0,0,0,1,0,0,1,0,0,1,0,0
CUS000454,25,5,3,4,72,22.0,1,2,4,2,4,5,4,2,1.0,1,1,0,1,0,0,0,0,0,0,0,1,0,0,0,0,0,1,0,0
CUS000455,23,6,4,4,91,19.0,2,4,4,2,2,4,2,5,2.0,3,0,0,1,0,0,0,0,0,0,0,1,0,0,0,0,1,1,0,0
CUS000456,28,2,1,1,253,42.0,2,4,4,2,3,2,4,4,3.0,3,1,0,1,0,0,0,0,0,0,0,1,0,0,1,0,0,1,0,0
CUS000457,21,6,2,3,117,59.0,3,4,4,4,4,5,4,2,,3,1,0,1,0,0,0,0,1,0,0,1,0,0,0,0,1,1,0,0
CUS000458,29,3,3,3,181,39.0,2,4,5,2,2,3,2,4,2.0,3,0,0,0,0,0,1,0,0,0,0,1,0,0,0,0,0,1,0,0
CUS000459,23,5,4,4,121,28.0,1,5,3,2,4,3,4,2,,3,1,0,1,0,0,1,1,0,0,0,1,0,0,0,1,0,0,0,1
CUS000460,23,6,2,4,148,15.0,3,4,5,5,3,2,2,1,2.0,3,0,0,1,0,0,0,0,1,0,0,1,0,0,0,1,0,0,0,1
CUS000461,26,1,4,5,156,31.0,2,3,2,4,4,3,3,4,2.0,2,0,0,1,0,0,1,0,1,0,0,1,0,0,0,0,0,1,0,0
CUS000462,23,3,2,5,126,21.0,3,4,2,3,4,2,2,4,1.0,3,0,0,1,0,0,0,0,0,0,0,1,0,0,0,1,0,1,0,0
CUS000463,27,4,5,2,152,45.0,3,5,4,2,2,4,2,2,1.0,3,0,0,1,1,0,0,0,1,0,0,1,0,0,0,1,0,1,0,0
CUS000464,35,5,4,5,65,19.0,3,2,2,4,4,2,2,5,2.0,3,0,0,0,0,0,1,0,0,0,0,1,0,0,0,0,1,1,0,0
CUS000465,28,2,5,1,253,17.0,3,4,1,4,1,5,2,5,4.0,3,0,0,0,0,1,0,0,0,0,0,1,0,0,1,0,0,1,0,0
CUS000466,29,3,2,1,232,33.0,3,4,5,5,1,5,4,5,2.0,3,1,0,0,0,0,1,0,0,0,0,1,0,0,0,1,0,1,0,0
CUS000467,28,5,4,5,99,42.0,2,4,4,4,3,3,2,3,,3,1,0,1,0,0,1,0,0,0,0,1,0,0,0,0,1,1,0,0
CUS000468,30,4,5,5,197,21.0,1,3,4,4,5,3,2,5,2.0,1,1,0,0,0,0,1,0,0,0,0,1,0,0,0,1,0,1,0,0
CUS000469,18,6,1,2,248,35.0,2,2,2,5,3,2,4,5,2.0,3,1,0,1,0,0,0,0,1,0,0,1,0,0,0,0,1,1,0,0
CUS000470,23,5,2,4,32,64.0,3,4,4,2,4,3,2,4,2.0,1,1,0,0,0,0,1,0,1,0,0,1,0,0,0,1,0,0,0,1
CUS000471,28,1,5,2,78,66.0,1,4,1,4,4,2,2,2,2.0,1,0,0,0,0,0,0,0,1,0,0,1,0,0,0,1,0,1,0,0
CUS000472,26,3,2,4,189,47.0,1,4,2,3,2,2,5,5,1.0,3,1,0,1,0,0,1,0,0,0,0,1,0,0,0,0,1,1,0,0
CUS000473,32,4,1,1,33,47.0,1,3,2,2,3,2,2,4,1.0,3,0,0,0,0,0,1,0,1,0,0,1,0,0,0,1,0,1,0,0
CUS000474,18,2,1,3,231,17.0,1,5,4,4,5,2,4,2,3.0,3,0,0,0,0,0,0,0,0,1,0,1,0,0,0,0,0,1,0,0
CUS000475,22,5,2,4,211,59.0,3,4,2,2,3,4,2,5,1.0,1,0,0,1,0,0,1,0,0,0,0,1,0,0,0,1,0,1,0,0
CUS000476,30,3,1,1,170,22.0,1,5,2,2,4,5,4,5,1.0,3,0,0,1,0,0,0,0,1,0,0,1,0,0,0,0,1,0,0,1
CUS000477,23,4,1,1,217,31.0,2,4,2,5,3,4,3,4,4.0,3,1,0,1,0,0,0,0,0,0,0,1,0,0,0,1,0,1,0,0
CUS000478,26,2,1,1,149,39.0,2,4,2,2,4,4,3,2,,2,1,0,1,0,0,1,0,1,0,0,0,0,0,0,1,0,1,0,0
CUS000479,20,6,5,1,226,59.0,1,5,3,2,4,2,1,5,3.0,3,0,0,1,0,1,0,1,0,0,0,1,0,0,0,0,0,1,0,0
CUS000480,21,5,4,1,189,21.0,2,5,4,5,4,3,4,3,1.0,3,1,0,1,0,0,1,0,0,0,0,1,0,0,0,0,1,1,0,0
CUS000481,35,3,5,2,210,41.0,3,4,4,2,4,3,2,5,2.0,3,1,0,1,0,0,1,0,0,0,0,1,0,0,0,0,1,1,0,0
CUS000482,27,4,4,5,95,45.0,1,3,4,3,5,3,2,4,1.0,1,1,0,1,0,1,0,0,1,0,0,1,0,0,0,1,0,1,0,0
CUS000483,34,6,3,4,49,55.0,1,4,2,2,5,2,3,5,1.0,3,1,0,0,0,1,0,0,1,0,0,1,0,0,0,0,1,0,0,1
CUS000484,32,6,5,5,111,34.0,1,4,2,4,2,1,2,5,1.0,1,1,0,1,0,0,0,0,0,0,0,1,0,0,0,0,0,1,0,0
CUS000485,22,2,5,3,240,42.0,2,4,2,4,5,4,4,4,1.0,3,0,0,0,0,0,0,0,1,0,0,1,0,0,0,0,0,1,0,0
CUS000486,31,3,3,2,72,20.0,3,2,4,3,2,2,2,3,3.0,3,1,0,0,0,0,0,0,0,0,0,1,0,0,0,0,0,0,0,1
CUS000487,34,1,4,5,196,32.0,2,5,1,2,4,5,2,5,,3,1,0,0,0,0,1,0,1,0,0,1,0,0,0,1,0,1,0,0
CUS000488,29,2,5,1,164,43.0,3,4,4,4,1,2,1,3,1.0,3,0,0,1,0,1,0,0,1,0,0,1,0,0,0,0,0,1,0,0
CUS000489,22,3,2,2,87,38.0,1,4,5,2,3,2,3,4,2.0,3,0,0,1,0,0,1,0,0,0,0,1,0,0,0,0,1,1,0,0
CUS000490,35,4,3,4,93,40.0,2,4,3,4,4,3,4,2,2.0,3,0,0,1,0,0,0,0,0,0,0,1,0,0,0,1,0,0,0,1
CUS000491,32,1,1,4,249,63.0,3,5,4,4,3,3,2,2,2.0,3,1,0,1,0,1,0,0,0,1,0,1,0,0,1,0,0,1,0,0
CUS000492,35,6,2,1,45,28.0,1,5,5,3,4,3,4,5,1.0,3,0,0,1,0,0,1,0,1,0,0,1,0,0,1,0,0,1,0,0
CUS000493,34,5,4,3,100,23.0,3,5,4,4,4,2,5,3,1.0,2,1,0,0,0,0,0,0,0,0,0,1,0,0,0,1,0,1,0,0
CUS000494,31,5,3,1,111,17.0,2,4,4,3,3,2,5,4,,3,0,0,1,0,0,1,0,1,0,0,1,0,0,0,1,0,1,0,0
CUS000495,35,4,3,4,54,27.0,3,3,4,4,4,3,4,4,2.0,3,1,0,1,0,0,1,0,0,0,0,1,0,0,1,0,0,1,0,0
CUS000496,35,2,2,2,135,21.0,3,3,4,4,3,3,4,2,,1,0,0,1,0,0,1,0,0,0,0,1,0,0,0,1,0,1,0,0
CUS000497,35,1,5,3,170,26.0,3,4,4,5,3,3,2,4,1.0,3,1,0,1,1,0,0,0,0,0,0,1,0,0,0,1,0,1,0,0
CUS000498,28,3,4,2,126,35.0,3,4,1,2,4,2,3,2,2.0,3,0,0,0,0,0,1,1,0,0,0,1,0,0,0,1,0,1,0,0
CUS000499,35,2,3,5,97,30.0,1,4,2,2,2,4,4,5,2.0,3,0,0,1,0,0,1,0,1,0,0,1,0,0,0,1,0,1,0,0
